{"diabetes": [[0.7408963585434174, 0.7392540477233599, 0.7408963585434174, 0.7326548718105836], [0.7552160258042611, 0.7515087065454384, 0.7552160258042611, 0.7515268795972038], [0.7656480774127832, 0.7609949996618361, 0.7656480774127832, 0.7586677723939437]], "plantgrowth": [[0.5962213225371119, 0.6195033262007282, 0.5962213225371119, 0.5892934027213987], [0.6732793522267208, 0.6783809495458103, 0.6732793522267208, 0.6722135714489376], [0.5856950067476384, 0.5887999155442132, 0.5856950067476384, 0.5574354206596028]]}